country_txt,iyear,tot_events,tot_deaths,region_un,gini,population,prop_events,prop_deaths
Algeria,1995,65,183,Africa,35.33,28757788,2.2602572909988764e-6,6.363493603889145e-6
Algeria,2012,10,6,Africa,27.62,37383900,2.6749483066239747e-7,1.6049689839743846e-7
Angola,1995,5,29,Africa,45,13945205,3.585461812859689e-7,2.0795678514586195e-6
Argentina,1983,5,0,Americas,40.4,29262048,1.7086979011175157e-7,0
Argentina,1987,1,0,Americas,44.1175,31184410,3.206730542601255e-8,0
Argentina,1988,2,0,Americas,44.82333333333334,31668940,6.315336099029522e-8,0
Argentina,1989,2,25,Americas,47.6,32148136,6.221200507550422e-8,7.776500634438028e-7
Argentina,1990,7,0,Americas,46.6,32618648,2.1460116924527343e-7,0
Argentina,1991,1,0,Americas,45.3875,33079004,3.023065627973563e-8,0
Argentina,1992,10,0,Americas,44.574285714285715,33529320,2.982464302884759e-7,0
Argentina,1994,2,0,Americas,45.922,34402668,5.813502603925951e-8,0
Argentina,1996,3,1,Americas,47.568,35246376,8.511513353883531e-8,2.837171117961177e-8
Argentina,1999,1,0,Americas,49.8925,36467220,2.742188738269602e-8,0
Argentina,2001,1,0,Americas,52.436,37275644,2.6827168968562958e-8,0
Argentina,2003,1,0,Americas,50.00666666666667,38087868,2.6255079438943655e-8,0
Argentina,2005,3,0,Americas,47.844,38892924,7.713485363044444e-8,0
Argentina,2009,1,0,Americas,44.87285714285714,40482784,2.4701858449260802e-8,0
Argentina,2010,1,0,Americas,44.006,40895752,2.4452417454018206e-8,0
Argentina,2013,1,0,Americas,41.192,42196036,2.369890858942295e-8,0
Argentina,2014,1,0,Americas,41.574,42637508,2.3453528287816446e-8,0
Argentina,2017,2,0,Americas,39.7875,43937144,4.551957223255112e-8,0
Armenia,1991,1,0,Asia,29.6,3505249,2.8528643756834394e-7,0
Armenia,1992,1,2,Asia,35.5,3442820,2.904595651239391e-7,5.809191302478782e-7
Armenia,1999,1,8,Asia,36.22,3089020,3.237272662527274e-7,2.5898181300218192e-6
Armenia,2016,1,6,Asia,32.55,2936147,3.4058240272029975e-7,2.0434944163217985e-6
Australia,1995,1,0,Oceania,37.54705882352941,17993082,5.557691561679094e-8,0
Australia,2014,1,0,Oceania,38.066428571428574,23596426,4.2379299305750794e-8,0
Austria,1977,1,1,Europe,24.3,7636573,1.3094879077303392e-7,1.3094879077303392e-7
Austria,1981,1,1,Europe,31.4,7604512,1.3150087737385383e-7,1.3150087737385383e-7
Austria,1995,1,0,Europe,30.199,7990113,1.2515467553462636e-7,0
Azerbaijan,1992,6,62,Asia,36.1,7471924,8.030060262925586e-7,8.29772893835644e-6
Bahrain,2015,4,2,Asia,59.6,1371853,2.9157642983614133e-6,1.4578821491807066e-6
Bangladesh,1981,1,6,Asia,38.36666666666667,81767512,1.2229796107774443e-8,7.337877664664665e-8
Bangladesh,1989,26,127,Asia,32.38333333333333,100695496,2.5820420011635873e-7,1.2612282082606754e-6
Bangladesh,1992,32,79,Asia,32.285,107983712,2.9634098890766044e-7,7.315918163657867e-7
Bangladesh,2000,1,8,Asia,33.410000000000004,127657856,7.833438781863922e-9,6.266751025491137e-8
Bangladesh,2005,17,38,Asia,41.300000000000004,139035504,1.2227092728775234e-7,2.733114845255641e-7
Bangladesh,2010,7,8,Asia,41.557500000000005,147575440,4.7433366961331774e-8,5.420956224152203e-8
Bangladesh,2016,39,61,Asia,43.9725,157977152,2.4687114248014804e-7,3.8613178695612894e-7
Belgium,1998,1,0,Europe,27.464444444444446,10237298,9.76820250812275e-8,0
Belgium,1999,2,0,Europe,26.89,10255161,1.9502375438084297e-7,0
Bolivia,1989,2,2,Americas,53.1,6721117,2.9756958553169064e-7,2.9756958553169064e-7
Bolivia,1990,5,1,Americas,54.5,6864839,7.283492009062412e-7,1.4566984018124825e-7
Bolivia,1991,9,2,Americas,42.04,7011456,1.2836135604359494e-6,2.852474578746554e-7
Bolivia,1994,1,0,Americas,51.4,7466792,1.3392632337957183e-7,0
Bolivia,2005,1,0,Americas,59.36333333333333,9232301,1.0831535930208515e-7,0
Brazil,1970,4,2,Americas,57.418181818181814,95113264,4.205512282703283e-8,2.1027561413516416e-8
Brazil,1979,1,0,Americas,55.825,117878416,8.483317251226042e-9,0
Brazil,1983,1,0,Americas,57.746,129448816,7.725061000171682e-9,0
Brazil,1986,1,0,Americas,57.595,138108928,7.240661516104158e-9,0
Brazil,1992,2,0,Americas,55.494,154259376,1.2965176262608504e-8,0
Brazil,1996,2,4,Americas,59.088,164614688,1.2149584124595249e-8,2.4299168249190497e-8
Brazil,1997,6,0,Americas,58.8,167209040,3.58832273661759e-8,0
Brazil,2001,1,0,Americas,57.99666666666666,177196048,5.643466721108814e-9,0
Brazil,2006,1,0,Americas,53.9125,188167360,5.314417973446617e-9,0
Brazil,2016,1,0,Americas,51.10764705882353,206163056,4.850529573057939e-9,0
Brazil,2018,1,0,Americas,52.803333333333335,209469312,4.7739689907417085e-9,0
Brazil,2019,1,0,Americas,52.46666666666667,211049520,4.738224469783205e-9,0
Burundi,1992,1,61,Africa,33.33,5685569,1.758838913044587e-7,1.072891736957198e-5
Burundi,2006,3,12,Africa,33.36,7607850,3.9432954119757884e-7,1.5773181647903154e-6
Burundi,2014,4,1,Africa,38.62,9844301,4.063264623867149e-7,1.0158161559667872e-7
Cambodia,1997,6,70,Asia,44.7,11298594,5.310395258029451e-7,6.195461134367692e-6
Canada,1980,1,0,Americas,32.077777777777776,24416884,4.0955266855508674e-8,0
Canada,1999,1,0,Americas,35.580555555555556,30302512,3.300056444165421e-8,0
Canada,2000,1,0,Americas,35.944736842105264,30588378,3.2692155170829915e-8,0
Canada,2004,1,0,Americas,36.55529411764706,31815490,3.143123051067263e-8,0
Canada,2006,2,0,Americas,36.338125,32536994,6.146849337096106e-8,0
Canada,2012,1,0,Americas,36.152307692307694,34922032,2.863521801938673e-8,0
Canada,2013,2,0,Americas,36.52153846153846,35296536,5.6662784132697895e-8,0
Canada,2015,1,0,Americas,36.473846153846154,36026668,2.775721584910378e-8,0
Canada,2016,1,0,Americas,35.643076923076926,36382940,2.7485409370435704e-8,0
Canada,2017,1,0,Americas,36.13846153846154,36732088,2.722415344316936e-8,0
Central African Republic,2008,1,0,Africa,56.24,4273368,2.340074620299492e-7,0
Chile,1976,1,0,Americas,53.4,10756876,9.296379357724306e-8,0
Chile,1977,1,0,Americas,51.8,10922777,9.155180958102505e-8,0
Chile,1978,2,0,Americas,51.5,11089165,1.8035623060888714e-7,0
Chile,1981,22,14,Americas,51.56666666666667,11582020,1.8994959428493475e-6,1.2087701454495847e-6
Chile,1982,7,1,Americas,55.45,11743909,5.960536649253668e-7,8.51505235607667e-8
Chile,1988,153,18,Americas,54.5,12847712,1.1908735189580838e-5,1.4010276693624514e-6
Chile,1989,104,17,Americas,54.599999999999994,13058758,7.964003927479168e-6,1.3018083342994792e-6
Chile,1990,94,5,Americas,54.22882352941176,13274617,7.081183585183663e-6,3.7665870133955654e-7
Chile,1991,58,11,Americas,55.4,13495255,4.2978068958311645e-6,8.151013078300484e-7
Chile,1992,64,10,Americas,52.47,13719818,4.664784911869822e-6,7.288726424796597e-7
Chile,1994,10,0,Americas,54.242666666666665,14166346,7.058983311575194e-7,0
Chile,1995,6,0,Americas,57.2,14380864,4.1722110716018173e-7,0
Chile,1996,4,2,Americas,53.70666666666667,14587367,2.74209869402751e-7,1.371049347013755e-7
Chile,1999,1,0,Americas,57.3,15162801,6.595087543521806e-8,0
Chile,2006,1,0,Americas,49.056666666666665,16354507,6.114522437148365e-8,0
Chile,2009,1,0,Americas,48.687222222222225,16886184,5.92200108680564e-8,0
Chile,2011,2,0,Americas,47.94555555555556,17233584,1.1605247057141451e-7,0
Chile,2013,4,2,Americas,46.96625,17571512,2.2764119558977052e-7,1.1382059779488526e-7
Chile,2017,12,0,Americas,45.965384615384615,18470436,6.496868834065422e-7,0
Chile,2020,29,2,Americas,45.78,19116208,1.51703727015316e-6,1.0462326001056277e-7
China,1996,47,0,Asia,33.19833333333334,1251636096,3.755085056287798e-8,0
China,1997,5,29,Asia,34.083333333333336,1261996032,3.961977592018292e-9,2.2979470033706096e-8
China,2005,1,12,Asia,37.18333333333334,1330776320,7.514410836525856e-10,9.017293003831027e-9
China,2008,6,28,Asia,39.769999999999996,1353569536,4.432723875960518e-9,2.0686044754482417e-8
China,2011,3,19,Asia,43.29625,1376497664,2.1794443088862373e-9,1.3803147289612835e-8
China,2012,2,22,Asia,43.64142857142857,1384206336,1.4448712941016331e-9,1.5893584235117966e-8
China,2013,2,13,Asia,39.65538461538461,1391883392,1.4369019786393142e-9,9.339862861155541e-9
China,2014,16,260,Asia,40.17,1399453952,1.1433030702535041e-8,1.857867489161944e-7
China,2016,2,13,Asia,38.57,1414049408,1.4143777358025668e-9,9.193455282716684e-9
China,2017,1,8,Asia,39.245,1421021696,7.037190233019496e-10,5.629752186415597e-9
Colombia,1972,1,0,Americas,53.74,22516430,4.441201380503037e-8,0
Colombia,1988,270,782,Americas,49.9275,31822528,8.484555343937478e-6,2.4573786218367062e-5
Colombia,1989,253,531,Americas,53.395,32457496,7.794809556473487e-6,1.6359857211412733e-5
Colombia,1994,125,169,Americas,56,35758976,3.495625825526995e-6,4.726086116112497e-6
Colombia,1995,69,207,Americas,56.5,36421436,1.894488729109967e-6,5.683466187329901e-6
Colombia,2001,147,381,Americas,53.92,40255956,3.6516335620001176e-6,9.464438007632957e-6
Colombia,2003,71,144,Americas,52.28941176470588,41483872,1.7115085110666622e-6,3.471228529487315e-6
Colombia,2005,38,141,Americas,52.80764705882353,42647732,8.910204181549443e-7,3.3061547094696617e-6
Colombia,2007,23,55,Americas,56.84125,43737512,5.258643884453236e-7,1.2575017984562085e-6
Colombia,2008,102,65,Americas,54.248,44254972,2.3048257718929298e-6,1.468761521304318e-6
Colombia,2010,127,55,Americas,52.9815,45222700,2.808324138098787e-6,1.2162033668931753e-6
Colombia,2011,90,42,Americas,52.30235294117647,45662748,1.9709720492511753e-6,9.197869563172151e-7
Colombia,2012,93,160,Americas,51.21411764705882,46075724,2.0184164659029557e-6,3.472544457467451e-6
Costa Rica,1977,3,0,Americas,47.5,2205618,1.3601630019341518e-6,0
Croatia,1991,1,41,Europe,26.7,4760003,2.100839012076253e-7,8.613439949512637e-6
Denmark,1992,1,0,Europe,29.765,5171654,1.9336173688340325e-7,0
Dominican Republic,1989,7,1,Americas,50.379999999999995,6997877,1.0003033777244157e-6,1.4290048253205937e-7
Ecuador,1987,3,0,Americas,47.495000000000005,9522362,3.150478841279086e-7,0
Ecuador,1988,3,0,Americas,43.9,9755576,3.0751643982887324e-7,0
Ecuador,1994,2,0,Americas,51.874,11207999,1.784439845149879e-7,0
Ecuador,1995,1,0,Americas,52.94428571428571,11455205,8.729656082104162e-8,0
Ecuador,1997,2,0,Americas,46.9,11951457,1.6734361341884926e-7,0
Ecuador,2000,2,0,Americas,54.805,12681123,1.5771473867101517e-7,0
Ecuador,2002,1,0,Americas,51.3,13143465,7.608343766274722e-8,0
Ecuador,2003,4,0,Americas,54.193333333333335,13369678,2.991844680178535e-7,0
Ecuador,2011,1,0,Americas,44.945454545454545,15243885,6.560007504648586e-8,0
Ecuador,2015,1,0,Americas,45.230000000000004,16212022,6.168262046523252e-8,0
Ecuador,2016,3,1,Americas,44.09833333333333,16491115,1.8191614090375332e-7,6.063871363458444e-8
Ecuador,2017,1,0,Americas,43.695,16785356,5.957573971025696e-8,0
Ecuador,2020,1,0,Americas,45.7525,17643060,5.667951024368789e-8,0
Egypt,1981,2,11,Africa,35.5,44400112,4.504493141819102e-8,2.477471228000506e-7
Egypt,1991,4,4,Africa,32,57424552,6.965661656359113e-8,6.965661656359113e-8
Egypt,1996,37,76,Africa,39.47666666666667,63601632,5.817460784654079e-7,1.194937890901919e-6
Egypt,2005,1,91,Africa,32.33,75523576,1.3240898444745255e-8,1.2049217584718181e-6
Egypt,2012,1,22,Africa,52.8775,86422240,1.1571095588357812e-8,2.5456410294387187e-7
Egypt,2013,4,2,Africa,29.107777777777777,88404648,4.5246489754701585e-8,2.2623244877350793e-8
El Salvador,1990,180,279,Americas,44.8,5270074,3.4155118125476036e-5,5.2940433094487856e-5
El Salvador,1994,1,0,Americas,50.333333333333336,5561916,1.7979415726523017e-7,0
El Salvador,1995,5,0,Americas,48.085,5628602,8.883200482109056e-7,0
Estonia,1992,1,0,Europe,35.800000000000004,1520811,6.575439025625143e-7,0
Estonia,1999,1,0,Europe,37.46666666666667,1403784,7.123603061439652e-7,0
Ethiopia,1996,1,3,Africa,34.943333333333335,58883532,1.698267692230147e-8,5.09480307669044e-8
Ethiopia,2005,1,0,Africa,32.4525,76346312,1.3098209642398967e-8,0
Ethiopia,2011,1,1,Africa,31.645,90139928,1.1093862866187334e-8,1.1093862866187334e-8
Finland,2016,1,0,Europe,31.16076923076923,5497714,1.818937834889192e-7,0
France,1978,14,8,Europe,35.17,53423112,2.6205886321261105e-7,1.4974792183577774e-7
France,1979,76,2,Europe,33.78142857142857,53637076,1.4169303337862788e-6,3.728764036279681e-8
France,1989,16,1,Europe,32.17,56404304,2.836662961039285e-7,1.7729143506495532e-8
France,1990,22,1,Europe,30.384,56666860,3.882339695546921e-7,1.7646998616122368e-8
France,1994,50,0,Europe,32.33,57587120,8.682497058369996e-7,0
France,1995,17,3,Europe,34.06333333333333,57801888,2.9410804020796e-7,5.1901418860228235e-8
France,1996,102,1,Europe,31.364736842105263,58012056,1.7582552150883947e-6,1.723779622635681e-8
France,1997,72,0,Europe,30.122105263157895,58220656,1.2366744888618225e-6,0
France,1998,8,1,Europe,30.325555555555557,58444248,1.3688258936961597e-7,1.7110323671201996e-8
France,1999,22,0,Europe,30.233684210526317,58704384,3.747590639908597e-7,0
France,2000,6,1,Europe,32.1225,59015092,1.0166890869203424e-7,1.694481811533904e-8
France,2001,9,0,Europe,30.495555555555555,59384124,1.515556582092547e-7,0
France,2003,15,0,Europe,31.646,60251588,2.4895609390411417e-7,0
France,2004,2,0,Europe,31.484666666666666,60697976,3.295002785595355e-8,0
France,2005,20,0,Europe,32.6325,61120128,3.272244456032553e-7,0
France,2006,15,0,Europe,31.572666666666667,61508924,2.4386705252720726e-7,0
France,2007,8,2,Europe,31.411578947368422,61869232,1.2930498312957886e-7,3.2326245782394715e-8
France,2008,1,0,Europe,33.557,62209208,1.607479072872942e-8,0
France,2009,1,0,Europe,33.869,62542884,1.598902922353245e-8,0
France,2010,2,0,Europe,34.2365,62879536,3.1806850483120614e-8,0
France,2011,3,0,Europe,35.051,63222232,4.7451662257036415e-8,0
France,2012,58,0,Europe,34.78952380952381,63564224,9.1246296029666e-7,0
France,2013,5,0,Europe,33.89476190476191,63893520,7.825519708414875e-8,0
France,2014,7,0,Europe,33.66904761904762,64193552,1.0904521999343486e-7,0
France,2015,1,0,Europe,33.71380952380952,64453196,1.5515134424055557e-8,0
France,2016,2,0,Europe,33.73904761904762,64667588,3.092739441588574e-8,0
France,2017,21,0,Europe,33.42,64842512,3.238616048681149e-7,0
France,2019,1,0,Europe,34.03846153846154,65129732,1.5353970748720414e-8,0
France,2020,4,1,Europe,34.04888888888889,65273512,6.128060031456557e-8,1.5320150078641393e-8
Georgia,1992,18,74,Asia,36.9,5303925,3.3937131463963007e-6,1.3951931824073681e-5
Georgia,1997,3,30,Asia,45.025,4709596,6.369973135699962e-7,6.369973135699962e-6
Georgia,1998,2,8,Asia,45.775,4575396,4.3712063392982815e-7,1.7484825357193126e-6
Georgia,1999,2,0,Asia,40.15,4456652,4.4876737066299995e-7,0
Georgia,2001,1,4,Asia,42.685,4296981,2.3272153169865075e-7,9.30886126794603e-7
Georgia,2008,10,1,Asia,39.765,4142648,2.4139149645347615e-6,2.4139149645347613e-7
Georgia,2010,1,0,Asia,42.251,4099096.25,2.439562135190165e-7,0
Germany,1991,11,3,Europe,28.945833333333333,79490832,1.3838073804536351e-7,3.774020128509914e-8
Germany,1992,1,0,Europe,28.912,79963168,1.2505757650822439e-8,0
Germany,1995,4,0,Europe,30.57677419354839,81138656,4.929832705141185e-8,0
Germany,1996,2,0,Europe,28.928,81323664,2.45930876897037e-8,0
Germany,1998,3,0,Europe,27.783636363636365,81402672,3.6853827107788306e-8,0
Germany,1999,1,0,Europe,27.91590909090909,81389936,1.228653134706974e-8,0
Germany,2000,2,1,Europe,28.99478260869565,81400880,2.4569758951008882e-8,1.2284879475504441e-8
Germany,2001,4,3,Europe,28.18409090909091,81453888,4.910753922513803e-8,3.683065441885352e-8
Germany,2002,1,0,Europe,29.16409090909091,81535128,1.2264652359410045e-8,0
Germany,2004,2,1,Europe,32.428,81646480,2.4495850892775782e-8,1.2247925446387891e-8
Germany,2005,2,2,Europe,31.177894736842106,81602744,2.4508979747053603e-8,2.4508979747053603e-8
Germany,2006,2,2,Europe,31.79157894736842,81472232,2.454824117252612e-8,2.454824117252612e-8
Germany,2007,1,1,Europe,33.23421052631579,81277832,1.2303477779771488e-8,1.2303477779771488e-8
Germany,2011,5,0,Europe,34.17913043478261,80855632,6.183861131652523e-8,0
Germany,2014,4,0,Europe,34.44857142857143,81450368,4.910966148121025e-8,0
Germany,2015,11,0,Europe,34.20761904761905,81787416,1.344950181578056e-7,0
Germany,2016,2,0,Europe,34.29857142857143,82193776,2.4332742664116077e-8,0
Germany,2017,1,0,Europe,34.03523809523809,82658408,1.2097982821057962e-8,0
Germany,2018,2,0,Europe,34.353809523809524,83124416,2.4060319413251577e-8,0
Germany,2019,1,0,Europe,33.39823529411765,83517048,1.1973603281571926e-8,0
Germany,2020,1,0,Europe,34.4,83783944,1.1935461047286101e-8,0
Ghana,1992,4,0,Africa,42.269999999999996,15653345,2.555364364613442e-7,0
Greece,1974,3,2,Europe,39.86666666666667,8919247,3.3635126373336223e-7,2.242341758222415e-7
Greece,1981,12,3,Europe,35.05,9719839,1.234588350691817e-6,3.0864708767295425e-7
Greece,1986,23,5,Europe,35.2,10015122,2.2965271915808914e-6,4.992450416480198e-7
Greece,1988,25,2,Europe,36.45,10101349,2.474916964060939e-6,1.979933571248751e-7
Greece,1994,21,3,Europe,35.2,10644939,1.9727684677197303e-6,2.8182406681710436e-7
Greece,1995,5,0,Europe,36.137,10745502,4.6531097383816966e-7,0
Greece,1996,11,0,Europe,35.105384615384615,10832139,1.0154965699756992e-6,0
Greece,1997,9,1,Europe,34.31333333333333,10906248,8.252150510423016e-7,9.169056122692241e-8
Greece,1998,19,0,Europe,35.17,10970121,1.7319772498407264e-6,0
Greece,1999,21,1,Europe,34.993,11027899,1.9042611833858835e-6,9.067910397075635e-8
Greece,2000,19,1,Europe,33.452,11082103,1.7144760340162873e-6,9.023558073769934e-8
Greece,2001,4,0,Europe,33.362307692307695,11134447,3.592455018197132e-7,0
Greece,2002,4,0,Europe,31.962500000000002,11182308,3.577079078844904e-7,0
Greece,2003,4,0,Europe,34.7,11218879,3.5654186126795735e-7,0
Greece,2004,2,0,Europe,35.00666666666667,11234993,1.780152421990828e-7,0
Greece,2005,2,0,Europe,35.25,11224800,1.7817689402038343e-7,0
Greece,2006,11,0,Europe,37.973636363636366,11185231,9.834396804142892e-7,0
Greece,2007,10,0,Europe,37.89846153846154,11120371,8.992505735644971e-7,0
Greece,2008,18,0,Europe,36.91434782608696,11040312,1.6303887064061233e-6,0
Greece,2009,29,1,Europe,37.461333333333336,10959268,2.6461621341863344e-6,9.124697014435635e-8
Greece,2010,24,2,Europe,37.78933333333333,10887640,2.204334456319276e-6,1.836945380266063e-7
Greece,2011,2,0,Europe,37.27913043478261,10829074,1.846879982535903e-7,0
Greece,2012,6,1,Europe,39.181333333333335,10781119,5.565285013550077e-7,9.275475022583463e-8
Greece,2013,27,4,Europe,39.05133333333333,10740501,2.513849214296428e-6,3.7242210582169306e-7
Greece,2014,8,0,Europe,37.144285714285715,10701460,7.475615476766722e-7,0
Greece,2015,10,0,Europe,37.09076923076923,10659737,9.381094486665103e-7,0
Greece,2016,7,0,Europe,37.01461538461538,10615183,6.594328143000456e-7,0
Greece,2017,18,0,Europe,35.54666666666667,10569449,1.7030216050051427e-6,0
Greece,2018,9,0,Europe,35.27538461538462,10522244,8.553308590829105e-7,0
Greece,2019,7,0,Europe,34.466153846153844,10473452,6.683565265778657e-7,0
Greece,2020,16,0,Europe,33.761,10423056,1.535058431999214e-6,0
Guatemala,1987,20,48,Americas,56.232,8639105,2.315054626607733e-6,5.556131103858559e-6
Guatemala,1989,20,12,Americas,56.22222222222222,9050464,2.2098314517355133e-6,1.325898871041308e-6
Honduras,1986,1,4,Americas,54.995000000000005,4410270,2.267434873601843e-7,9.069739494407372e-7
Honduras,1989,12,3,Americas,56.94833333333334,4814696,2.492369196310629e-6,6.230922990776573e-7
Honduras,1990,6,0,Americas,56.07,4955302,1.2108242847761851e-6,0
Honduras,1991,9,6,Americas,50.593333333333334,5098594,1.7651925217030421e-6,1.1767950144686947e-6
Honduras,1992,6,2,Americas,52.942499999999995,5244677,1.1440170672092868e-6,3.8133902240309557e-7
Honduras,1994,3,5,Americas,53.832857142857144,5548969,5.406409731249175e-7,9.010682885415291e-7
Honduras,1995,1,0,Americas,54.7,5709010,1.751617180561954e-7,0
Honduras,1996,1,0,Americas,53.676,5874814,1.702181549918006e-7,0
Hungary,1992,1,0,Europe,30.43,10358622,9.65379371889427e-8,0
India,1975,1,4,Asia,41.7,623102848,1.6048714962702272e-9,6.419485985080909e-9
India,1987,128,416,Asia,31.8,819682112,1.5615809851905125e-7,5.075138201869165e-7
India,1988,199,602,Asia,32.278333333333336,837468928,2.3762075624135873e-7,7.188326394839093e-7
India,1989,116,405,Asia,31.433333333333334,855334656,1.3561943174672441e-7,4.734988780812361e-7
India,1990,135,432,Asia,30.466666666666665,873277824,1.5458997845798956e-7,4.946879310655665e-7
India,1991,178,664,Asia,33.46666666666667,891273216,1.9971429277192596e-7,7.450016314638137e-7
India,1992,126,670,Asia,32.46666666666667,909307008,1.3856706139011742e-7,7.368248502490371e-7
India,1994,35,169,Asia,30.51,945601792,3.7013466235055526e-8,1.787221655349824e-7
India,1995,30,140,Asia,31.95,963922560,3.1122832108006686e-8,1.4523988317069786e-7
India,1997,49,357,Asia,33.55,1000899968,4.895594121949258e-8,3.5667900031344593e-7
India,1999,37,172,Asia,30.900000000000002,1038058112,3.564347657638651e-8,1.656939992199589e-7
India,2004,32,133,Asia,48.43333333333334,1129623552,2.8328021262786136e-8,1.1773833837345488e-7
India,2005,46,181,Asia,39.31333333333333,1147609856,4.00833085908945e-8,1.577191055424327e-7
India,2010,570,787,Asia,33.35333333333333,1234281088,4.618072864776812e-7,6.376181306279563e-7
India,2011,469,450,Asia,49.93333333333333,1250288000,3.75113573832589e-7,3.599170751058956e-7
Indonesia,1977,1,1,Asia,51,137278064,7.284485014299153e-9,7.284485014299153e-9
Indonesia,1981,1,4,Asia,31.65,150938224,6.625227020029069e-9,2.6500908080116274e-8
Indonesia,2000,66,44,Asia,28.11,211513824,3.1203634236219e-7,2.0802422824146e-7
Indonesia,2001,65,83,Asia,28.23,214427424,3.031328679301767e-7,3.870773544339179e-7
Indonesia,2002,14,211,Asia,31.0475,217357792,6.44099292285781e-8,9.707496476592844e-7
Indonesia,2003,9,21,Asia,30.8175,220309472,4.085162529916099e-8,9.532045903137564e-8
Indonesia,2004,6,15,Asia,31.395000000000003,223285664,2.6871407203285565e-8,6.717851800821391e-8
Indonesia,2005,6,47,Asia,32.7775,226289472,2.6514711210250204e-8,2.0769857114695994e-7
Indonesia,2006,1,0,Asia,32.932500000000005,229318272,4.360751506098912e-9,0
Indonesia,2007,1,0,Asia,34.7225,232374240,4.303402993378268e-9,0
Indonesia,2009,2,9,Asia,34.7025,238620544,8.381508006284656e-9,3.771678602828095e-8
Indonesia,2011,6,2,Asia,38.7625,245115984,2.4478207834867267e-8,8.159402611622423e-9
Indonesia,2012,8,5,Asia,39.09,248451712,3.219941587683646e-8,2.012463492302279e-8
Indonesia,2013,4,5,Asia,38.9325,251805312,1.5885288392962892e-8,1.9856610491203616e-8
Indonesia,2015,14,17,Asia,39.025,258383248,5.4183079237397e-8,6.579373907398207e-8
Indonesia,2016,7,21,Asia,37.9225,261556384,2.6762871901455864e-8,8.028861570436759e-8
Indonesia,2017,10,17,Asia,37.4875,264650976,3.778561542127092e-8,6.423554621616056e-8
Indonesia,2018,10,38,Asia,36.75333333333333,267670560,3.7359356964770426e-8,1.4196555646612762e-7
Indonesia,2019,4,2,Asia,35.96,270625568,1.4780569439765573e-8,7.390284719882787e-9
Iran,1972,2,1,Asia,42.1,30075294,6.649976555507653e-8,3.324988277753827e-8
Iran,1973,2,1,Asia,49.5,30905720,6.471293987003054e-8,3.235646993501527e-8
Iran,1974,3,1,Asia,46,31786480,9.43797488743642e-8,3.145991629145473e-8
Iran,1984,5,9,Asia,42.9,45472792,1.0995586107842246e-7,1.9792054994116043e-7
Iran,1986,3,33,Asia,47.42,49260260,6.090101838682946e-8,6.699112022551241e-7
Iran,1994,27,2,Asia,43,60590608,4.456136172127535e-7,3.3008416089833595e-8
Iran,1998,3,3,Asia,44.1,63971836,4.689563701126227e-8,4.689563701126227e-8
Iran,2007,3,19,Asia,44.75,71336480,4.205421966432883e-8,2.663433912074159e-7
Iran,2010,2,70,Asia,42.05,73762512,2.7114044055332607e-8,9.489915419366412e-7
Iran,2014,4,6,Asia,37.36,77465768,5.163571088587155e-8,7.745356632880732e-8
Iran,2015,4,33,Asia,38.78,78492208,5.096047240765606e-8,4.2042389736316247e-7
Iran,2016,4,6,Asia,39.47,79563992,5.0273998318234206e-8,7.541099747735131e-8
Iran,2017,3,13,Asia,39.97,80673888,3.718675366185401e-8,1.6114259920136737e-7
Iran,2019,5,31,Asia,42,82913888,6.030352840286539e-8,3.7388187609776543e-7
Iran,2020,1,0,Asia,40.94,83992952,1.1905760854791722e-8,0
Iraq,2007,73,1137,Asia,37.71,27911242,2.6154335948217567e-6,4.0736273935785443e-5
Ireland,2013,1,0,Europe,37.235217391304346,4615426,2.1666472390630896e-7,0
Ireland,2014,1,0,Europe,36.51714285714286,4626852,2.1612967088638235e-7,0
Ireland,2018,1,0,Europe,35.62714285714286,4818694,2.0752510950062403e-7,0
Ireland,2019,1,0,Europe,33.82222222222222,4882498,2.048131919357673e-7,0
Israel,1976,2,1,Asia,36.4,3387048,5.904846934557762e-7,2.952423467278881e-7
Israel,1979,4,4,Asia,36.33,3628307,1.1024425441397325e-6,1.1024425441397325e-6
Israel,1986,5,2,Asia,36.49,4100543,1.2193507055041247e-6,4.877402822016499e-7
Israel,1987,1,0,Asia,38.54857142857143,4167130,2.3997331496737563e-7,0
Israel,1990,3,1,Asia,40.25,4448348,6.744076677454192e-7,2.2480255591513972e-7
Israel,1992,5,1,Asia,37.10333333333333,4752826,1.0520056909299856e-6,2.1040113818599714e-7
Israel,1995,1,1,Asia,44.56666666666666,5271368,1.897040768164924e-7,1.897040768164924e-7
Israel,2001,7,2,Asia,38.55461538461539,6060679,1.1549860997422895e-6,3.2999602849779704e-7
Israel,2002,5,28,Asia,38.90846153846154,6169311,8.104632753965556e-7,4.5385943422207114e-6
Israel,2003,2,11,Asia,39.33,6278374,3.1855381664106024e-7,1.7520459915258315e-6
Israel,2004,1,5,Asia,39.800769230769234,6396511,1.56335227126163e-7,7.81676135630815e-7
Israel,2005,3,5,Asia,40.937333333333335,6529470,4.594553616143424e-7,7.65758936023904e-7
Israel,2007,3,0,Asia,39.62384615384615,6847148,4.3813862355538395e-7,0
Israel,2009,1,0,Asia,41.004666666666665,7190037,1.3908134269684564e-7,0
Israel,2011,6,17,Asia,40.34722222222222,7487095,8.013789059708739e-7,2.270573566917476e-6
Israel,2012,8,7,Asia,39.914375,7614946,1.0505655588365301e-6,9.192448639819638e-7
Israel,2013,7,0,Asia,39.41,7734834,9.049967976041891e-7,0
Israel,2014,11,10,Asia,39.261538461538464,7854216,1.4005217070678982e-6,1.2732015518799075e-6
Israel,2015,7,0,Asia,39.21846153846154,7978496,8.773583392158121e-7,0
Israel,2016,3,0,Asia,38.56384615384615,8108984,3.699600344506784e-7,0
Israel,2017,1,1,Asia,38.17307692307693,8243848.5,1.2130256881843474e-7,1.2130256881843474e-7
Italy,1971,1,0,Europe,40,53888880,1.855670409182748e-8,0
Italy,1973,2,0,Europe,42,54619240,3.6617133449678174e-8,0
Italy,1974,15,23,Europe,41,54957796,2.7293670947066363e-7,4.185029545216842e-7
Italy,1975,3,0,Europe,39,55265280,5.428362979433018e-8,0
Italy,1982,13,9,Europe,31,56644860,2.295000817373368e-7,1.588846719720024e-7
Italy,1984,10,21,Europe,33.900000000000006,56863132,1.7586087238388486e-7,3.6930783200615823e-7
Italy,1986,3,1,Europe,32.21857142857143,56983928,5.26464233915219e-8,1.754880779717397e-8
Italy,1987,1,1,Europe,33.042500000000004,57007740,1.7541477701098132e-8,1.7541477701098132e-8
Italy,1989,5,0,Europe,30.555833333333332,57028708,8.767514073788942e-8,0
Italy,1991,9,0,Europe,30.343125,57088124,1.5765100286006947e-7,0
Italy,1997,2,0,Europe,32.56888888888889,56903632,3.514714139863691e-8,0
Italy,1999,6,1,Europe,30.945555555555554,56655628,1.0590298284223414e-7,1.7650497140372357e-8
Italy,2000,5,0,Europe,32.245652173913044,56692180,8.819558535233607e-8,0
Italy,2001,2,0,Europe,30.022222222222222,56875148,3.51647436592165e-8,0
Italy,2002,2,1,Europe,31.73,57182520,3.497572335042247e-8,1.7487861675211235e-8
Italy,2004,1,0,Europe,33.77882352941177,57948420,1.7256725895201284e-8,0
Italy,2005,3,0,Europe,33.97428571428571,58281212,5.1474564393067184e-8,0
Italy,2006,3,0,Europe,35.56,58542616,5.124472059806825e-8,0
Italy,2009,2,0,Europe,36.546,59105620,3.3837729813171744e-8,0
Italy,2010,5,0,Europe,34.49913043478261,59325232,8.42811706155654e-8,0
Italy,2011,2,0,Europe,37.43266666666667,59589072,3.356320098423416e-8,0
Italy,2012,2,0,Europe,37.516666666666666,59879468,3.340043034450473e-8,0
Italy,2013,4,0,Europe,37.61666666666667,60166828,6.648181619280312e-8,0
Italy,2015,1,0,Europe,36.826153846153844,60578488,1.650751005868618e-8,0
Italy,2017,3,0,Europe,37.21692307692308,60673696,4.944482037158244e-8,0
Italy,2018,2,0,Europe,37.519230769230774,60627288,3.298844573090586e-8,0
Italy,2019,1,0,Europe,36.174,60550092,1.6515251537520372e-8,0
Jamaica,1980,1,5,Americas,65.5,2162839,4.6235526546358743e-7,2.311776327317937e-6
Jamaica,1997,1,5,Americas,45.4075,2583914,3.8700978438136873e-7,1.9350489219068436e-6
Japan,1970,1,0,Asia,35.5,104929256,9.53023053932642e-9,0
Japan,1974,2,0,Asia,33.6,111022696,1.8014334654600712e-8,0
Japan,1976,1,2,Asia,33.9,113679184,8.796685240105172e-9,1.7593370480210344e-8
Japan,1982,2,0,Asia,31.6,119605256,1.6721673167941716e-8,0
Japan,1984,2,0,Asia,27.8,121189264,1.6503112024840748e-8,0
Japan,1985,4,0,Asia,32.25,121883488,3.281822719087265e-8,0
Japan,1989,3,2,Asia,31.2,124058512,2.4182137538454436e-8,1.612142502563629e-8
Japan,1990,34,1,Asia,35,124505240,2.73080875953494e-7,8.031790469220412e-9
Japan,1992,14,0,Asia,31.1,125331296,1.1170394344282533e-7,0
Japan,1995,6,15,Asia,34.733333333333334,126365488,4.748131863345473e-8,1.1870329658363682e-7
Japan,1998,1,0,Asia,31.9,127117440,7.866741180439128e-9,0
Japan,2000,1,0,Asia,38.45,127524168,7.841650846920248e-9,0
Japan,2003,1,0,Asia,38.2,128058368,7.808939123759566e-9,0
Japan,2015,1,0,Asia,42.15,127985144,7.813406843531777e-9,0
Jordan,1997,1,0,Asia,37.07333333333333,4848536,2.062478240854559e-7,0
Kazakhstan,2016,3,10,Asia,27.23,17830902,1.6824723729623998e-7,5.608241243207999e-7
Kenya,1976,2,0,Africa,60,14096258,1.4188162560588774e-7,0
Kenya,1992,9,0,Africa,57.46,25326080,3.553649044779137e-7,0
Kenya,1994,1,3,Africa,43.11,26950508,3.71050519715621e-8,1.1131515591468628e-7
Kenya,1997,5,7,Africa,44.98,29415660,1.6997748818146525e-7,2.3796848345405136e-7
Kenya,2016,1,1,Africa,40.78,49051532,2.0386723089505135e-8,2.0386723089505135e-8
Kosovo,2012,1,1,Europe,28.97,1805000,5.54016620498615e-7,5.54016620498615e-7
Kosovo,2016,3,0,Europe,26.72,1816000,1.6519823788546256e-6,0
Kuwait,1987,1,0,Asia,34.68,1938916,5.15752100658306e-7,0
Laos,2003,1,0,Asia,32.62,5576640,1.793194468353704e-7,0
Latvia,1992,1,0,Europe,33.3,2620254,3.816423903942137e-7,0
Latvia,2000,2,0,Europe,33.46666666666667,2384150,8.388733930331564e-7,0
Lebanon,1995,27,28,Asia,43.5,3528379,7.652239172719257e-6,7.935655438375527e-6
Lebanon,2012,2,8,Asia,31.83,5537620,3.61165988276552e-7,1.444663953106208e-6
Lithuania,1992,1,0,Europe,37.2,3688103,2.711421020508375e-7,0
Luxembourg,1985,1,0,Europe,27.12375,366882,2.725672014435159e-6,0
Madagascar,2013,1,0,Africa,42.65,22961260,4.355161694088216e-8,0
Maldives,2020,2,0,Asia,29.29,540542,3.699990010026973e-6,0
Mali,1994,4,60,Africa,64.52000000000001,9334893,4.2849982319026043e-7,6.427497347853907e-6
Mali,2014,20,86,Africa,40.771249999999995,16934212,1.1810410782621594e-6,5.078476636527286e-6
Mexico,1970,1,0,Americas,51.9,51493568,1.9419901141828043e-8,0
Mexico,1975,7,32,Americas,56.8,59607944,1.1743401181560632e-7,5.368411968713431e-7
Mexico,1992,1,0,Americas,50.4476,87075136,1.1484334632563766e-8,0
Mexico,1996,25,16,Americas,49.57904761904762,93147048,2.683928319446044e-7,1.7177141244454682e-7
Mexico,1998,2,3,Americas,50.22352941176471,96056312,2.0821120011353342e-8,3.123168001703001e-8
Mexico,2000,1,0,Americas,50.64736842105263,98899840,1.0111239815959258e-8,0
Mexico,2008,2,8,Americas,47.230526315789476,110815272,1.8048053881959518e-8,7.219221552783807e-8
Mexico,2010,5,0,Americas,46.31619047619048,114092960,4.3823913412361286e-8,0
Mexico,2012,3,1,Americas,46.53545454545455,117274160,2.5581082823360235e-8,8.527027607786745e-9
Mexico,2016,2,2,Americas,44.86,123333384,1.6216209554422022e-8,1.6216209554422022e-8
Mexico,2018,2,0,Americas,43.125625,126190784,1.5849017944131326e-8,0
Moldova,1992,3,2,Europe,41.1,4376804,6.854316528681659e-7,4.569544352454439e-7
Morocco,1991,3,3,Africa,36.20333333333333,25260406,1.1876293674773081e-7,1.1876293674773081e-7
Nepal,1985,5,6,Asia,30.06,16858314,2.9658956405723607e-7,3.559074768686833e-7
Nepal,1996,3,0,Asia,42.855000000000004,22090352,1.358058939033656e-7,0
Nepal,2004,2,518,Asia,43.77,25419338,7.868025516636193e-8,2.037818608808774e-5
Nepal,2011,20,4,Asia,32.84,27041220,7.396116003641848e-7,1.4792232007283696e-7
Netherlands,1977,4,8,Europe,30.2,13892920,2.8791643513386677e-7,5.758328702677335e-7
Netherlands,1985,2,0,Europe,31.2,14513947,1.3779849134077724e-07,0
Netherlands,1990,1,0,Europe,33.138,14965442,6.682061244833263e-8,0
Netherlands,1991,2,0,Europe,30.789166666666667,15064522,1.327622608935086e-7,0
Netherlands,1992,4,0,Europe,28.6,15165856,2.6375036133799505e-7,0
Netherlands,1996,1,0,Europe,29.357272727272726,15563252,6.425392328030157e-8,0
Netherlands,2008,1,0,Europe,32.18,16568105,6.035693279346069e-8,0
Netherlands,2011,1,0,Europe,30.68809523809524,16738191,5.974361267594569e-8,0
New Zealand,2001,1,0,Oceania,33.8,3907941,2.558892265773716e-7,0
New Zealand,2003,3,0,Oceania,40.4,4022074,7.458838400288011e-7,0
New Zealand,2014,1,0,Oceania,38.150000000000006,4567522,2.1893709543161477e-7,0
Nicaragua,2014,2,5,Americas,46.144999999999996,6142734,3.2558792225090654e-7,8.139698056272663e-7
Niger,1995,1,17,Africa,41.53,9490289,1.0537086910630435e-7,1.791304774807174e-6
Niger,2008,5,5,Africa,37.3,15250913,3.2784922450216587e-7,3.2784922450216587e-7
Niger,2014,1,0,Africa,34.28,19240182,5.197456032380567e-8,0
Nigeria,1992,1,0,Africa,47.12,100161712,9.983854908550285e-9,0
Nigeria,1997,2,35,Africa,50.70666666666666,113457664,1.762772059188527e-8,3.084851103579922e-7
Nigeria,2004,2,13,Africa,40.06,135320416,1.4779735823454755e-8,9.60682828524559e-8
Nigeria,2010,35,86,Africa,45.375,158503200,2.2081573116504904e-7,5.425757965769776e-7
Pakistan,1986,1,20,Asia,33.7,95215376,1.050250539366667e-8,2.100501078733334e-7
Pakistan,1988,1,0,Asia,31.4,101389600,9.862944522909648e-9,0
Pakistan,1990,3,23,Asia,40.233333333333334,107647920,2.7868629509980314e-8,2.1365949290984908e-7
Pakistan,1991,5,3,Asia,30.85,110778656,4.513504839777078e-8,2.7081029038662467e-8
Pakistan,1992,7,17,Asia,33.714285714285715,113911128,6.145141500135088e-8,1.4923915071756642e-07
Pakistan,1999,4,25,Asia,30.78,138624624,2.885490243061002e-8,1.8034314019131263e-7
Pakistan,2002,18,50,Asia,28.65,149549680,1.2036134079324007e-7,3.343370577590002e-7
Pakistan,2004,12,123,Asia,31.2,156664704,7.659670425828654e-8,7.85116218647437e-7
Pakistan,2005,24,19,Asia,30.89,160304000,1.497155404731011e-7,1.1852480287453838e-7
Pakistan,2011,182,804,Asia,29.69,183340176,9.92690221918408e-7,4.385290870452748e-6
Panama,1980,1,0,Americas,47.5,1978489,5.054362192562102e-7,0
Panama,1991,3,1,Americas,54.69,2523115,1.1890064463966169e-6,3.9633548213220563e-7
Papua New Guinea,1996,4,12,Oceania,45.77,5314258,7.526920973727659e-7,2.2580762921182975e-6
Paraguay,1997,1,0,Americas,54.20333333333333,4998096,2.0007618901277606e-7,0
Paraguay,2010,2,2,Americas,51.77923076923077,6248017,3.2010156182353537e-7,3.2010156182353537e-7
Paraguay,2011,4,0,Americas,53.097692307692306,6333981,6.315143667150249e-7,0
Paraguay,2012,4,1,Americas,48.20769230769231,6421510,6.2290645035202e-7,1.55726612588005e-7
Paraguay,2013,9,11,Americas,49.09461538461539,6510273,1.3824305063704702e-6,1.689637285563908e-6
Paraguay,2015,18,14,Americas,48.068,6688746,2.69108738768074e-6,2.093067968196131e-6
Paraguay,2017,10,4,Americas,49.467,6867058,1.4562276887715233e-6,5.824910755086094e-7
Paraguay,2018,4,2,Americas,46.498,6956069,5.750374241543608e-7,2.875187120771804e-7
Peru,1991,524,1301,Americas,44.888888888888886,22522382,2.32657451596372e-5,5.776476040589312e-5
Peru,1994,77,76,Americas,47.43142857142857,23851404,3.228321485812743e-6,3.1863952327502397e-6
Peru,1997,35,39,Americas,48.94,25210958,1.3882852051873634e-6,1.5469463714944906e-6
Peru,1998,3,4,Americas,54.32,25658070,1.1692227825397623e-7,1.5589637100530164e-7
Peru,2000,2,4,Americas,46.955714285714286,26459944,7.558594984176837e-8,1.5117189968353674e-7
Peru,2001,3,16,Americas,48.80444444444444,26799290,1.1194326416856566e-7,5.970307422323502e-7
Peru,2002,1,9,Americas,51.11333333333333,27100964,3.689905643208854e-8,3.320915078887969e-7
Peru,2003,1,7,Americas,48.96545454545455,27372216,3.653339576160001e-8,2.557337703312001e-7
Peru,2004,2,4,Americas,49.891111111111115,27624226,7.240021856177979e-8,1.4480043712355958e-7
Peru,2005,2,7,Americas,48.93333333333334,27866140,7.17716913788562e-8,2.512009198259967e-7
Peru,2006,1,7,Americas,48.443333333333335,28102054,3.558458751805117e-8,2.490921126263582e-7
Peru,2007,3,12,Americas,48.32,28333050,1.0588341177529422e-7,4.235336471011769e-7
Peru,2009,4,19,Americas,45.907272727272726,28792662,1.3892428563916736e-7,6.59890356786045e-7
Peru,2012,8,7,Americas,43.42888888888889,29506790,2.7112403619641443e-7,2.3723353167186265e-7
Peru,2013,13,6,Americas,43.45761904761905,29773986,4.366227618969123e-7,2.015181977985749e-7
Peru,2014,9,4,Americas,42.16555555555556,30090372,2.9909899418990233e-7,1.3293288630662325e-7
Peru,2015,6,3,Americas,42.70166666666667,30470738,1.9691022908601688e-7,9.845511454300844e-8
Peru,2016,3,10,Americas,43.20777777777778,30926036,9.700564275356855e-8,3.2335214251189513e-7
Peru,2018,4,4,Americas,41.571666666666665,31989266,1.2504194375700898e-7,1.2504194375700898e-7
Peru,2019,1,1,Americas,40.815,32510462,3.075932910458178e-8,3.075932910458178e-8
Peru,2020,1,0,Americas,43.8975,32971848,3.032890361498694e-8,0
Philippines,1971,1,0,Asia,47.3,36849680,2.7137277718558208e-8,0
Philippines,1988,186,513,Asia,43.31666666666667,58795000,3.163534314142359e-6,8.725231737392636e-6
Philippines,1994,25,84,Asia,44.93,68180840,3.66671927186582e-7,1.2320176753469156e-6
Philippines,1997,18,48,Asia,48.42,73030880,2.464710818218266e-7,6.572562181915376e-7
Philippines,2006,30,40,Asia,45.03,87888672,3.413409182016085e-7,4.5512122426881137e-7
Philippines,2009,120,82,Asia,44.29,92414168,1.298502195031394e-6,8.873098332714525e-7
Poland,1990,3,0,Europe,26.3,37960192,7.903015875156796e-8,0
Poland,1992,1,1,Europe,28.677857142857142,38197588,2.6179663490794235e-8,2.6179663490794235e-8
Portugal,1980,5,3,Europe,35.35,9750966,5.127697091754807e-7,3.076618255052884e-7
Russia,1992,1,0,Europe,42.675000000000004,148268576,6.7445174626887895e-9,0
Russia,1995,1,121,Europe,43.06666666666667,148227472,6.746387741133439e-9,8.163129166771461e-7
Russia,1996,1,4,Europe,45.525,148020864,6.755804370929763e-9,2.7023217483719052e-8
Russia,1997,6,1,Europe,38.07,147730016,4.0614630407946345e-8,6.769105067991057e-9
Russia,1998,4,8,Europe,39.435,147360608,2.7144296255889497e-8,5.4288592511778994e-8
Russia,2004,13,415,Europe,42.905,144080656,9.022724049785004e-8,2.880331138969828e-6
Russia,2005,15,129,Europe,42.885000000000005,143672128,1.0440438384820193e-7,8.978777010945366e-7
Russia,2006,5,4,Europe,43.025000000000006,143403264,3.4866709867914864e-8,2.789336789433189e-8
Russia,2007,5,7,Europe,40.54888888888889,143266208,3.49000651989058e-8,4.8860091278468124e-8
Russia,2008,26,27,Europe,44.32333333333333,143248768,1.8150243358462951e-7,1.8848329641480757e-7
Russia,2009,10,61,Europe,39.85,143326912,6.977056758189279e-8,4.25600462249546e-7
Russia,2010,8,65,Europe,38.82909090909091,143479264,5.575718593036552e-8,4.5302713568421983e-7
Russia,2011,7,44,Europe,40.9375,143703024,4.871157060689273e-8,3.061870152433257e-7
Russia,2012,4,24,Europe,38.18222222222222,143993888,2.7778956840168105e-8,1.6667374104100864e-7
Russia,2013,10,51,Europe,40.88,144325456,6.928784621335269e-8,3.533680156880987e-7
Russia,2014,9,32,Europe,37.147777777777776,144664848,6.221276367013499e-8,2.2120093749381328e-7
Russia,2015,2,1,Europe,36.164,144985056,1.3794525140577247e-8,6.8972625702886235e-9
Russia,2016,13,19,Europe,35.81923076923077,145275376,8.948522700777591e-8,1.3078610101136479e-7
Russia,2017,12,46,Europe,35.62230769230769,145530096,8.2457170920852e-8,3.16085821863266e-7
Russia,2018,8,20,Europe,34.467999999999996,145734032,5.489452182315247e-8,1.3723630455788117e-7
Russia,2019,2,4,Europe,34.589,145872272,1.3710624867761023e-8,2.7421249735522047e-8
Russia,2020,2,4,Europe,34.54333333333334,145934448,1.3704783396994793e-8,2.7409566793989586e-8
Rwanda,2001,1,1,Africa,46.825,8231150.5,1.214896994047187e-7,1.214896994047187e-7
Rwanda,2014,1,0,Africa,45.11,11083629,9.022315705442684e-8,0
Saudi Arabia,2018,1,4,Asia,42.2,33702756,2.96711639843341e-8,1.186846559373364e-7
Senegal,1992,9,28,Africa,54.14,7990090,1.1263953222053819e-6,3.504341002416744e-6
Senegal,1995,6,17,Africa,41.44,8690155,6.90436476679645e-7,1.9562366839256607e-6
Senegal,2002,2,7,Africa,41.23,10283694,1.9448264407711858e-7,6.806892542699151e-7
Singapore,1974,1,0,Asia,43.4,2226377,4.491602275805041e-7,0
Somalia,2002,1,0,Africa,39.7,9501335,1.0524836772937697e-7,0
South Africa,1990,10,26,Africa,63,36800508,2.7173537930509003e-7,7.06511986193234e-7
South Africa,1991,21,141,Africa,68,37718952,5.567492967461026e-7,3.7381738495809748e-6
South Africa,1995,1,14,Africa,59,41435760,2.4133743413901423e-8,3.378724077946199e-7
South Africa,1996,5,7,Africa,64.845,42241008,1.1836838742105775e-7,1.6571574238948085e-7
South Africa,1997,3,0,Africa,54.5,42987456,6.978780042252325e-8,0
South Africa,2000,5,1,Africa,67,44967716,1.1119088192070951e-7,2.2238176384141902e-8
South Africa,2012,1,1,Africa,64.48083333333334,52832660,1.8927686018459037e-8,1.8927686018459037e-8
Spain,1994,42,16,Europe,35,39660080,1.058999376703224e-6,4.034283339821806e-7
Spain,1995,37,14,Europe,34.870714285714286,39787416,9.299422711944902e-7,3.518700485600774e-7
Spain,1996,43,5,Europe,32.983,39908960,1.0774522813924493e-6,1.25285148999122e-7
Spain,1998,11,6,Europe,34.8775,40201564,2.736211954340881e-7,1.4924792478222987e-7
Spain,1999,6,0,Europe,33.63666666666667,40454472,1.483148760413929e-7,0
Spain,2000,64,29,Europe,33.005384615384614,40824748,1.5676765475686465e-6,7.103534356170428e-7
Spain,2001,37,13,Europe,33.0675,41319428,8.954625412529912e-7,3.1462197395375365e-7
Spain,2002,28,4,Europe,32.95166666666667,41919592,6.679454322933296e-7,9.542077604190423e-8
Spain,2003,11,3,Europe,31.966666666666665,42596452,2.582374701066652e-7,7.042840093818143e-8
Spain,2004,26,191,Europe,31.766666666666666,43308344,6.003462058027432e-7,4.410235588781691e-6
Spain,2005,19,0,Europe,32.96846153846154,44019116,4.3163065791689226e-7,0
Spain,2006,17,2,Europe,33.431,44728564,3.800703282135326e-7,4.4714156260415604e-8
Spain,2007,6,0,Europe,34.747692307692304,45429072,1.3207401639197032e-7,0
Spain,2008,32,3,Europe,34.761428571428574,46068812,6.946130931268642e-7,6.511997748064352e-8
Spain,2009,15,3,Europe,36.223076923076924,46583568,3.220019557110782e-7,6.440039114221564e-8
Spain,2010,1,0,Europe,36.924615384615386,46931012,2.130787207401366e-8,0
Spain,2012,1,0,Europe,37.50615384615384,47063060,2.1248087140955134e-8,0
Spain,2013,5,0,Europe,37.48153846153846,46930556,1.065403955580667e-7,0
Spain,2014,2,0,Europe,37.932857142857145,46777924,4.275521076993498e-8,0
Spain,2015,1,0,Europe,38.15076923076923,46671916,2.1426161291514152e-8,0
Spain,2016,2,0,Europe,38.02230769230769,46634132,4.2887042477814315e-8,0
Spain,2018,1,0,Europe,36.896153846153844,46692864,2.1416548789982126e-8,0
Sri Lanka,1979,3,2,Asia,44,14788866,2.0285531020431182e-7,1.352368734695412e-7
Sri Lanka,1982,1,2,Asia,42.333333333333336,15501210,6.451109300499767e-8,1.2902218600999535e-7
Sri Lanka,1987,88,1222,Asia,38.8,16643955,5.287204874081911e-6,7.342004950145564e-5
Sri Lanka,1991,111,1024,Asia,39.68333333333334,17535732,6.329932505811562e-6,5.839505302658594e-5
Sri Lanka,1996,152,802,Asia,41,18367290,8.275581209857306e-6,4.366457980464184e-5
Sri Lanka,2002,3,3,Asia,42.723333333333336,19062476,1.573772473208622e-7,1.573772473208622e-7
Sri Lanka,2007,108,386,Asia,43.223333333333336,19842044,5.442987627685938e-6,1.945364096561826e-5
Sudan,2009,2,13,Africa,45.327777777777776,33783776,5.920001363968314e-8,3.848000886579404e-7
Sweden,1991,1,0,Europe,27.02,8625140,1.1594014705848252e-7,0
Sweden,1997,1,0,Europe,23.2,8868857,1.1275410123311268e-7,0
Sweden,1999,1,0,Europe,24.836666666666666,8873105,1.1270012019467818e-7,0
Sweden,2005,3,0,Europe,27.79222222222222,9038627,3.3190881756709286e-7,0
Sweden,2009,1,0,Europe,31.045833333333334,9313085,1.0737580511720874e-7,0
Sweden,2011,1,0,Europe,30.54,9466705,1.0563337507612204e-7,0
Sweden,2019,1,0,Europe,32.14,10036391,9.963740950307735e-8,0
Taiwan,1992,1,0,Asia,29.166666666666668,20868148,4.79199208286236e-8,0
Tanzania,2001,1,0,Africa,36.15,34385848,2.908173153094843e-8,0
Thailand,1988,1,8,Asia,47.885,54891520,1.821775020986848e-8,1.4574200167894785e-7
Thailand,1992,2,3,Asia,49.05142857142857,57811024,3.459547784519437e-8,5.1893216767791555e-8
Thailand,1994,3,1,Asia,47.43857142857143,58875272,5.0955178601977414e-8,1.698505953399247e-8
Thailand,1998,2,0,Asia,46.78,61585100,3.247538771553509e-8,0
Thailand,2001,1,0,Asia,41.9,63539192,1.5738317855851864e-8,0
Thailand,2002,5,6,Asia,41.12,64069092,7.804075013268489e-8,9.364890015922185e-8
Thailand,2004,1,4,Asia,42.54,64995304,1.5385726944211232e-8,6.154290777684493e-8
Thailand,2006,5,9,Asia,41.82,65812540,7.597336313109933e-8,1.367520536359788e-7
Thailand,2007,1,3,Asia,39.76,66182064,1.5109833987649586e-8,4.532950196294875e-8
Thailand,2008,14,4,Asia,40.29,66530976,2.1042829733927246e-7,6.012237066836356e-8
Thailand,2009,1,0,Asia,39.05,66866836,1.4955096723882673e-8,0
Thailand,2010,3,5,Asia,39.4,67195032,4.464615776952082e-8,7.441026294920136e-8
Thailand,2011,6,4,Asia,37.53,67518384,8.886468609793741e-8,5.924312406529161e-8
Thailand,2012,20,16,Asia,39.26,67835968,2.9482884360108193e-7,2.3586307488086556e-7
Thailand,2013,17,19,Asia,37.275000000000006,68144512,2.4946983258167584e-7,2.7881922465010826e-7
Thailand,2014,8,9,Asia,37.03,68438752,1.1689283872388556e-7,1.3150444356437125e-7
Thailand,2015,75,5,Asia,34.845,68714512,1.091472497105124e-6,7.276483314034159e-8
Thailand,2016,40,19,Asia,36.89,68971312,5.799512701744748e-7,2.754768533328756e-7
Thailand,2018,35,9,Asia,36.41,69428456,5.041160644563376e-7,1.296298451459154e-7
Thailand,2019,26,22,Asia,34.86,69625576,3.7342599506824905e-7,3.1597584198082614e-7
Thailand,2020,4,1,Asia,34.99,69799976,5.7306609962158154e-8,1.4326652490539539e-8
Tunisia,1980,1,41,Africa,40.25,6374040,1.5688637033969037e-7,6.432341183927305e-6
Tunisia,2016,6,10,Africa,32.82,11303942,5.307882860687007e-7,8.846471434478343e-7
Turkey,1974,1,0,Asia,47,38370276,2.6061840159815375e-8,0
Turkey,1983,4,2,Asia,51.333333333333336,47073468,8.497355665403704e-8,4.248677832701852e-8
Turkey,1994,209,926,Asia,46.38666666666667,57564212,3.6307280641659786e-6,1.6086383671855006e-5
Turkey,2003,10,67,Asia,43.59,66089400,1.5131019497831724e-7,1.0137783063547256e-6
Turkey,2004,14,18,Asia,42.144999999999996,67010928,2.0892114790590573e-7,2.6861290445045024e-7
Turkey,2005,31,25,Asia,42.61,67903464,4.5653046507318096e-07,3.6816972989772656e-7
Turkey,2006,20,23,Asia,41.625,68756816,2.908802525119837e-7,3.3451229038878123e-7
Turkey,2008,21,40,Asia,39.736666666666665,70418608,2.982166304679013e-7,5.680316770817168e-7
Turkey,2009,5,5,Asia,40.52428571428572,71321408,7.010517795722709e-8,7.010517795722709e-8
Turkey,2010,15,13,Asia,40.83625,72326992,2.073914535254003e-7,1.797392597220136e-7
Turkey,2011,34,25,Asia,41.153999999999996,73443256,4.6294243817294813e-7,3.4039885159775593e-7
Turkey,2017,146,174,Asia,42.644285714285715,81116456,1.7998813952128283e-6,2.145064128541316e-6
Turkey,2019,53,89,Asia,41.805,83429608,6.352660796392571e-7,1.066767567696111e-6
Turkey,2020,19,34,Asia,43.4,84339072,2.2528111288680056e-7,4.0313462306059046e-7
Uganda,1989,9,58,Africa,38.94,16763041,5.368954236883391e-7,3.459992730435963e-6
Uganda,1997,16,208,Africa,39.04,21655392,7.388460111920394e-7,9.604998145496511e-6
Uganda,2017,1,3,Africa,42.75,41166588,2.4291544395177954e-8,7.287463318553386e-8
Ukraine,2016,14,30,Europe,25,44713708,3.131030868654418e-7,6.709351861402324e-7
Ukraine,2019,6,5,Europe,26.62,43993644,1.3638333755667068e-7,1.1365278129722557e-7
Ukraine,2020,15,7,Europe,25.63,43733756,3.429844900584345e-7,1.600594286939361e-7
United Kingdom,1970,9,19,Europe,28.403333333333332,55573452,1.619478307735859e-7,3.418898649664592e-7
United Kingdom,1971,74,105,Europe,29.176666666666666,55748536,1.3273891174469585e-6,1.8834575315125763e-6
United Kingdom,1972,230,297,Europe,29.043333333333333,55892412,4.115048747583125e-6,5.313780339270383e-6
United Kingdom,1973,140,167,Europe,29.515,56006288,2.499719317230951e-6,2.9818080426969202e-6
United Kingdom,1974,137,160,Europe,30.148,56092060,2.442413418227107e-6,2.8524536271265487e-6
United Kingdom,1975,130,183,Europe,30.08,56152324,2.315131249064598e-6,3.2589924506063184e-6
United Kingdom,1976,154,216,Europe,27.286666666666665,56188348,2.740781772049963e-6,3.844213394563585e-6
United Kingdom,1977,128,94,Europe,23.674999999999997,56203596,2.2774343477951126e-6,1.6724908491620357e-6
United Kingdom,1986,56,50,Europe,33.882222222222225,56522504,9.907558235565784e-7,8.846034138898021e-7
United Kingdom,1987,94,97,Europe,30.3,56658260,1.659069657275038e-6,1.712018688890199e-6
United Kingdom,1988,155,90,Europe,31.053333333333335,56812752,2.7282607256905986e-6,1.5841513891106701e-6
United Kingdom,1989,122,51,Europe,32.44,56974288,2.1413167989040953e-6,8.951406290500726e-7
United Kingdom,1990,104,65,Europe,38.0025,57134380,1.8202700370599979e-6,1.1376687731624987e-6
United Kingdom,1991,182,61,Europe,36.8,57290792,3.17677577227419e-6,1.064743528069921e-6
United Kingdom,1992,166,70,Europe,33.965,57446040,2.8896682869698243e-6,1.2185348198065525e-6
United Kingdom,1995,8,8,Europe,35.29678571428571,57932448,1.3809186865364295e-7,1.3809186865364295e-7
United Kingdom,1996,18,11,Europe,34.14357142857143,58113556,3.097384025166176e-7,1.8928457931571078e-7
United Kingdom,1998,42,39,Europe,33.839,58509972,7.17826356163698e-7,6.665530450091482e-7
United Kingdom,1999,34,5,Europe,35.56272727272727,58715860,5.790598996591381e-7,8.515586759693208e-8
United Kingdom,2000,24,5,Europe,35.877272727272725,58923304,4.073091352786327e-7,8.485606984971514e-8
United Kingdom,2001,36,7,Europe,36.73954545454546,59124276,6.088869485691461e-7,1.1839468444400063e-7
United Kingdom,2002,8,2,Europe,36.105384615384615,59326292,1.3484746358326255e-7,3.371186589581564e-8
United Kingdom,2003,13,2,Europe,38.063125,59561428,2.1826206047309678e-7,3.3578778534322585e-8
United Kingdom,2004,3,0,Europe,38.36071428571429,59872760,5.010625867255827e-8,0
United Kingdom,2005,12,57,Europe,38.239583333333336,60287952,1.9904474446237617e-7,9.454625361962868e-7
United Kingdom,2006,2,0,Europe,37.75833333333333,60821348,3.288319094802042e-8,0
United Kingdom,2007,8,3,Europe,38.17541666666666,61455152,1.3017622997661774e-7,4.8816086241231654e-8
United Kingdom,2008,3,0,Europe,38.115833333333335,62145096,4.82741228688423e-8,0
United Kingdom,2009,11,3,Europe,37.96875,62828620,1.750794462778269e-7,4.7748939893952786e-8
United Kingdom,2010,18,0,Europe,37.9975,63459800,2.836441337665735e-7,0
United Kingdom,2011,5,1,Europe,37.02227272727273,64021920,7.8098251348913e-8,1.56196502697826e-8
United Kingdom,2012,19,0,Europe,36.011818181818185,64525300,2.9445814277500454e-7,0
United Kingdom,2013,40,0,Europe,35.709545454545456,64984016,6.155359804170921e-7,0
United Kingdom,2014,19,1,Europe,35.84227272727273,65423048,2.904175299200367e-7,1.5285133153686145e-8
United Kingdom,2015,45,1,Europe,36.515454545454546,65860148,6.83266001770904e-7,1.5183688928242312e-8
United Kingdom,2016,22,2,Europe,36.085454545454546,66297944,3.3183532810610234e-7,3.0166848009645666e-8
United Kingdom,2017,29,1,Europe,36.19090909090909,66727460,4.3460368489973995e-7,1.4986333962059998e-8
United Kingdom,2018,16,2,Europe,36.405454545454546,67141680,2.3830205023168917e-7,2.9787756278961146e-8
United Kingdom,2019,18,0,Europe,37.115833333333335,67530168,2.6654753768715635e-7,0
United Kingdom,2020,8,2,Europe,35.17,67886008,1.1784460797871633e-7,2.9461151994679082e-8
United States,1972,34,7,Americas,36.94285714285714,213269808,1.5942247202660771e-7,3.282227365253688e-8
United States,1973,35,41,Americas,39.425,215178800,1.626554288805403e-7,1.905392166886329e-7
United States,1975,73,4,Americas,36.8225,219081248,3.33209714050926e-7,1.825806652333841e-8
United States,1977,69,2,Americas,39.575,223135664,3.09228918242312e-7,8.963157050501798e-9
United States,1979,20,8,Americas,37.7,227339328,8.797421975312604e-8,3.518968790125042e-8
United States,1982,34,5,Americas,39.86,233821840,1.4540985564051674e-7,2.138380230007599e-8
United States,1983,25,5,Americas,40.2,236030240,1.0591863144315746e-7,2.118372628863149e-8
United States,1984,42,2,Americas,37.175,238256848,1.7628034766916752e-7,8.394302269960358e-9
United States,1985,10,0,Americas,38.53333333333333,240499824,4.1580072008701347e-8,0
United States,1987,17,1,Americas,37.761538461538464,245052784,6.937280908426652e-8,4.080753475545089e-9
United States,1988,9,0,Americas,36.885714285714286,247372272,3.638241233439453e-8,0
United States,1990,9,1,Americas,37.980000000000004,252120320,3.569724169793216e-8,3.966360188659129e-9
United States,1992,5,0,Americas,38.362857142857145,256990608,1.945596393156905e-8,0
United States,1994,15,0,Americas,40.215333333333334,262241216,5.719924666609234e-8,0
United States,1995,15,1,Americas,40.4425,265163744,5.656881960453839e-8,3.771254640302559e-9
United States,1996,10,1,Americas,39.89866666666667,268335008,3.72668481631737e-8,3.72668481631737e-9
United States,1997,11,0,Americas,40.28928571428571,271713632,4.0483798766489566e-8,0
United States,1998,15,2,Americas,40.23923076923077,275175328,5.45107009012087e-8,7.268093453494493e-9
United States,1999,32,3,Americas,40.066923076923075,278548160,1.1488139070816336e-7,1.0770130378890314e-8
United States,2000,21,0,Americas,40.699285714285715,281710912,7.454450326723588e-8,0
United States,2001,24,3004,Americas,40.50153846153846,284608000,8.432651225545312e-8,1.0554868450640881e-5
United States,2002,9,0,Americas,40.74153846153846,287279328,3.1328394084798196e-8,0
United States,2003,23,0,Americas,40.66538461538462,289815552,7.936082049868738e-8,0
United States,2004,5,0,Americas,40.86846153846154,292354656,1.7102515377760907e-8,0
United States,2005,8,0,Americas,41.49785714285714,294993504,2.7119241242681736e-8,0
United States,2006,3,0,Americas,41.35307692307693,297758976,1.0075263020786316e-8,0
United States,2007,5,0,Americas,41.30615384615385,300608448,1.6632932418452857e-8,0
United States,2008,5,0,Americas,41.424285714285716,303486016,1.6475223688725085e-8,0
United States,2009,2,0,Americas,41.620714285714286,306307552,6.529385210848474e-9,0
United States,2010,5,0,Americas,41.47571428571428,309011456,1.6180629885773556e-8,0
United States,2011,1,0,Americas,41.574285714285715,311584064,3.2094067557960858e-9,0
United States,2012,1,0,Americas,42.11142857142857,314043872,3.1842684706167424e-9,0
United States,2013,3,0,Americas,42.84882352941177,316400544,9.481652471495118e-9,0
United States,2014,2,1,Americas,42.208,318673440,6.2760172294245795e-9,3.1380086147122898e-9
United States,2015,1,0,Americas,42.462,320878304,3.116446289868199e-9,0
United States,2016,1,0,Americas,42.44733333333333,323016000,3.095821878792382e-9,0
United States,2017,5,0,Americas,43.99125,325084736,1.5380605258562495e-8,0
United States,2019,2,0,Americas,43.75,329064896,6.077828490098196e-9,0
United States,2020,7,2,Americas,43.958,331002656,2.1147866559717273e-8,6.0422475884906494e-9
Uruguay,1984,4,0,Americas,40.15,2992250,1.3367866989723452e-6,0
Uruguay,1985,1,0,Americas,41.45,3011519,3.320583399938702e-7,0
Uruguay,1992,1,0,Americas,42.114285714285714,3154459,3.1701156997126926e-7,0
Venezuela,1971,3,0,Americas,54.95,11745952,2.5540713941279513e-7,0
Venezuela,1977,1,0,Americas,42.4,13964377,7.161078507118507e-8,0
Venezuela,1980,2,0,Americas,41,15182616,1.317296044370746e-7,0
Venezuela,1982,2,30,Americas,39.75,16017570,1.2486288494447035e-7,1.8729432741670554e-6
Venezuela,1983,1,1,Americas,40.25,16443129,6.081567565394639e-8,6.081567565394639e-8
Venezuela,1984,1,0,Americas,46.6,16876704,5.925327599512322e-8,0
Venezuela,1987,1,0,Americas,45.55,18232732,5.4846415775759774e-8,0
Venezuela,1988,2,16,Americas,42.2,18698850,1.0695844931640181e-7,8.556675945312145e-7
Venezuela,1989,1,0,Americas,42.13,19166474,5.217443750999793e-8,0
Venezuela,1991,3,23,Americas,40.45,20096314,1.4928110697314942e-7,1.1444884867941454e-6
Venezuela,1992,3,0,Americas,42.35125,20557694,1.4593076441355727e-7,0
Venezuela,1994,1,0,Americas,50.28,21474552,4.656674560661382e-8,0
Venezuela,1995,1,0,Americas,47.401,21931088,4.5597373007668386e-8,0
Venezuela,1996,1,0,Americas,51.733333333333334,22385650,4.4671474806404994e-8,0
Venezuela,1999,3,0,Americas,47.174,23739836,1.2636987045740334e-7,0
Venezuela,2001,1,0,Americas,45.664,24646470,4.0573761678650126e-8,0
Vietnam,2018,1,0,Asia,39.005,95545960,1.0466167276983769e-8,0
Yemen,1992,2,3,Asia,39.5,12954157,1.5439059446322906e-7,2.315858916948436e-7
Yemen,1998,1,3,Asia,35,16450307,6.078913907199422e-8,1.8236741721598267e-7
Yemen,2006,1,3,Asia,34.730000000000004,20687648,4.833802276604861e-8,1.4501406829814584e-7
Yugoslavia,1991,1,0,Europe,30.53333333333333,23879000,4.187780057791365e-8,0
Zambia,1996,1,0,Africa,54.864999999999995,9339740,1.0706936167387958e-7,0
Zimbabwe,2017,3,0,Africa,44.34,14236599,2.1072448553197292e-7,0
Zimbabwe,2019,1,0,Africa,50.26,14645473,6.828048503452227e-8,0
